[{"model": "contenttypes.contenttype", "pk": 1, "fields": {"app_label": "admin", "model": "logentry"}}, {"model": "contenttypes.contenttype", "pk": 2, "fields": {"app_label": "auth", "model": "permission"}}, {"model": "contenttypes.contenttype", "pk": 3, "fields": {"app_label": "auth", "model": "group"}}, {"model": "contenttypes.contenttype", "pk": 4, "fields": {"app_label": "auth", "model": "user"}}, {"model": "contenttypes.contenttype", "pk": 5, "fields": {"app_label": "contenttypes", "model": "contenttype"}}, {"model": "contenttypes.contenttype", "pk": 6, "fields": {"app_label": "sessions", "model": "session"}}, {"model": "contenttypes.contenttype", "pk": 7, "fields": {"app_label": "commodity", "model": "commodityinfos"}}, {"model": "contenttypes.contenttype", "pk": 8, "fields": {"app_label": "commodity", "model": "types"}}, {"model": "contenttypes.contenttype", "pk": 9, "fields": {"app_label": "shopper", "model": "cartinfos"}}, {"model": "contenttypes.contenttype", "pk": 10, "fields": {"app_label": "shopper", "model": "orderinfos"}}, {"model": "commodity.commodityinfos", "pk": 1, "fields": {"name": "\u5a74\u513f\u8863\u670d\u52a0\u539a\u8fde\u4f53\u8863", "sezes": "\u7c89\u8272", "types": "\u7ae5\u88c5", "price": 199.0, "discount": 188.0, "stock": 1314, "sold": 1666, "likes": 666, "created": "2020-02-24", "img": "imgs/p1.jpg", "details": "details/p1_details.jpg"}}, {"model": "commodity.commodityinfos", "pk": 2, "fields": {"name": "\u513f\u7ae5\u957f\u8896\u52a0\u539a\u9632\u5bd2\u52a0\u7ed2\u886b", "sezes": "\u73ab\u7ea2", "types": "\u7ae5\u88c5", "price": 121.0, "discount": 66.0, "stock": 1234, "sold": 2111, "likes": 599, "created": "2020-02-24", "img": "imgs/p2.jpg", "details": "details/p2_details.jpg"}}, {"model": "commodity.commodityinfos", "pk": 3, "fields": {"name": "\u5a74\u513f\u5b9e\u6728\u6447\u6447\u5e8a", "sezes": "\u539f\u6728\u8272", "types": "\u5a74\u513f\u5e8a", "price": 1099.0, "discount": 999.0, "stock": 2346, "sold": 1322, "likes": 333, "created": "2020-02-24", "img": "imgs/p3.jpg", "details": "details/p3_details.jpg"}}, {"model": "commodity.commodityinfos", "pk": 4, "fields": {"name": "\u5a74\u513f\u9632\u5bd2\u9488\u7ec7\u5e3d", "sezes": "\u84dd\u8272", "types": "\u914d\u9970", "price": 50.0, "discount": 39.0, "stock": 2347, "sold": 4521, "likes": 899, "created": "2020-02-24", "img": "imgs/p4.jpg", "details": "details/p4_details.jpg"}}, {"model": "commodity.commodityinfos", "pk": 5, "fields": {"name": "\u5a74\u513f\u79cb\u51ac\u8fde\u4f53\u8863\u51ac\u88c5\u8863\u670d", "sezes": "\u7c89\u8272", "types": "\u7ae5\u88c5", "price": 145.0, "discount": 111.0, "stock": 1341, "sold": 3412, "likes": 2354, "created": "2020-02-24", "img": "imgs/p5.jpg", "details": "details/p5_details.jpg"}}, {"model": "commodity.commodityinfos", "pk": 6, "fields": {"name": "\u7537\u5973\u5b9d\u5b9d\u79cb\u51ac\u65b0\u5e74\u5957\u88c5", "sezes": "\u7ea2\u8272", "types": "\u7ae5\u88c5", "price": 123.0, "discount": 119.0, "stock": 2342, "sold": 232, "likes": 1233, "created": "2020-02-24", "img": "imgs/p6.jpg", "details": "details/p6_details.jpg"}}, {"model": "commodity.commodityinfos", "pk": 7, "fields": {"name": "\u5916\u51fa\u670d\u62b1\u8863\u52a0\u539a\u51ac\u5b63", "sezes": "\u7c89\u8272", "types": "\u7ae5\u88c5", "price": 166.0, "discount": 111.0, "stock": 213, "sold": 2341, "likes": 1233, "created": "2020-02-24", "img": "imgs/p7.jpg", "details": "details/p7_details.jpg"}}, {"model": "commodity.commodityinfos", "pk": 8, "fields": {"name": "\u5b9d\u5b9d\u8863\u670d\u52a8\u7269\u9020\u578b\u718a\u732b\u54c8\u8863", "sezes": "\u9ed1\u767d\u8272", "types": "\u7ae5\u88c5", "price": 124.0, "discount": 121.0, "stock": 531, "sold": 1345, "likes": 879, "created": "2020-02-24", "img": "imgs/p8.jpg", "details": "details/p8_details.jpg"}}, {"model": "commodity.commodityinfos", "pk": 9, "fields": {"name": "\u6fb3\u6d32\u8fdb\u53e3Aptamil\u7231\u4ed6\u7f8e", "sezes": "1\u6bb5", "types": "\u8fdb\u53e3\u5976\u7c89", "price": 399.0, "discount": 366.0, "stock": 1233, "sold": 1231, "likes": 666, "created": "2020-02-24", "img": "imgs/p9.jpg", "details": "details/p9_details.jpg"}}, {"model": "commodity.commodityinfos", "pk": 10, "fields": {"name": "\u8d85\u8584\u5e72\u723d\u7eff\u5e2e\u7eb8\u5c3f\u88e4", "sezes": "\u5927\u7801", "types": "\u7eb8\u5c3f\u88e4", "price": 209.0, "discount": 159.0, "stock": 1234, "sold": 4321, "likes": 3333, "created": "2020-02-24", "img": "imgs/p10.jpg", "details": "details/p10_details.jpg"}}, {"model": "commodity.commodityinfos", "pk": 11, "fields": {"name": "\u5a74\u513f\u9762\u6761\u5b9d\u5b9d\u8f85\u98df\u65e0\u6dfb\u52a0", "sezes": "\u9762\u6761", "types": "\u5b9d\u5b9d\u8f85\u98df", "price": 30.0, "discount": 20.0, "stock": 3211, "sold": 1231, "likes": 2152, "created": "2020-02-24", "img": "imgs/p11.jpg", "details": "details/p11_details.jpg"}}, {"model": "commodity.commodityinfos", "pk": 12, "fields": {"name": "\u5b9d\u5b9d\u96f6\u98df\u513f\u7ae5\u8425\u517b\u78e8\u7259\u997c\u5e72", "sezes": "\u997c\u5e72", "types": "\u5b9d\u5b9d\u8f85\u98df", "price": 66.0, "discount": 38.0, "stock": 1543, "sold": 1845, "likes": 3245, "created": "2020-02-24", "img": "imgs/p12.jpg", "details": "details/p12_details.jpg"}}, {"model": "commodity.commodityinfos", "pk": 13, "fields": {"name": "\u5b9d\u5b9d\u829d\u9ebb\u7c89\u8f85\u98df\u8c03\u5473\u62cc\u996d", "sezes": "\u8f85\u98df\u8c03\u5473", "types": "\u5b9d\u5b9d\u8f85\u98df", "price": 59.0, "discount": 39.0, "stock": 1234, "sold": 3453, "likes": 2312, "created": "2020-02-24", "img": "imgs/p13.jpg", "details": "details/p13_details.jpg"}}, {"model": "commodity.commodityinfos", "pk": 14, "fields": {"name": "\u7ebd\u66fc\u601d\u6d77\u85fb\u6cb9DHA\u8f6f\u80f6\u56ca", "sezes": "DHA\u8f6f\u80f6\u56ca", "types": "\u8425\u517b\u54c1", "price": 499.0, "discount": 399.0, "stock": 3231, "sold": 3412, "likes": 1234, "created": "2020-02-24", "img": "imgs/p14.jpg", "details": "details/p14_details.jpg"}}, {"model": "commodity.commodityinfos", "pk": 15, "fields": {"name": "\u5a74\u513f\u63a8\u8f66\u53ef\u5750\u53ef\u8eba", "sezes": "\u84dd\u8272", "types": "\u5a74\u513f\u8f66", "price": 888.0, "discount": 439.0, "stock": 1234, "sold": 1245, "likes": 2353, "created": "2020-02-24", "img": "imgs/p15.jpg", "details": "details/p15_details.jpg"}}, {"model": "commodity.commodityinfos", "pk": 16, "fields": {"name": "\u513f\u7ae5\u5b89\u5168\u5ea7\u6905\u589e\u9ad8\u57ab", "sezes": "\u7c89\u8272", "types": "\u5b89\u5168\u5ea7\u6905", "price": 688.0, "discount": 588.0, "stock": 3421, "sold": 3644, "likes": 6245, "created": "2020-02-24", "img": "imgs/p16.jpg", "details": "details/p16_details.jpg"}}, {"model": "commodity.commodityinfos", "pk": 17, "fields": {"name": "80\u7247\u7eaf\u6c34\u6e7f\u7eb8\u5dfe\u5a74\u513f", "sezes": "\u6e7f\u7eb8\u5dfe", "types": "\u5a74\u513f\u6e7f\u5dfe", "price": 49.9, "discount": 29.9, "stock": 1235, "sold": 5674, "likes": 2312, "created": "2020-02-24", "img": "imgs/p17.jpg", "details": "details/p17_details.jpg"}}, {"model": "commodity.commodityinfos", "pk": 18, "fields": {"name": "\u513f\u7ae5\u7403\u7c7b\u73a9\u5177\u5ba4\u5185\u7279\u5927\u53f7\u6237\u5916\u4eb2\u5b50", "sezes": "10\u74f62\u7403", "types": "\u513f\u7ae5\u73a9\u5177", "price": 69.0, "discount": 29.9, "stock": 666, "sold": 1986, "likes": 1569, "created": "2020-02-24", "img": "imgs/p18.jpg", "details": "details/p18_details.jpg"}}, {"model": "auth.permission", "pk": 1, "fields": {"name": "Can add log entry", "content_type": 1, "codename": "add_logentry"}}, {"model": "auth.permission", "pk": 2, "fields": {"name": "Can change log entry", "content_type": 1, "codename": "change_logentry"}}, {"model": "auth.permission", "pk": 3, "fields": {"name": "Can delete log entry", "content_type": 1, "codename": "delete_logentry"}}, {"model": "auth.permission", "pk": 4, "fields": {"name": "Can view log entry", "content_type": 1, "codename": "view_logentry"}}, {"model": "auth.permission", "pk": 5, "fields": {"name": "Can add permission", "content_type": 2, "codename": "add_permission"}}, {"model": "auth.permission", "pk": 6, "fields": {"name": "Can change permission", "content_type": 2, "codename": "change_permission"}}, {"model": "auth.permission", "pk": 7, "fields": {"name": "Can delete permission", "content_type": 2, "codename": "delete_permission"}}, {"model": "auth.permission", "pk": 8, "fields": {"name": "Can view permission", "content_type": 2, "codename": "view_permission"}}, {"model": "auth.permission", "pk": 9, "fields": {"name": "Can add group", "content_type": 3, "codename": "add_group"}}, {"model": "auth.permission", "pk": 10, "fields": {"name": "Can change group", "content_type": 3, "codename": "change_group"}}, {"model": "auth.permission", "pk": 11, "fields": {"name": "Can delete group", "content_type": 3, "codename": "delete_group"}}, {"model": "auth.permission", "pk": 12, "fields": {"name": "Can view group", "content_type": 3, "codename": "view_group"}}, {"model": "auth.permission", "pk": 13, "fields": {"name": "Can add user", "content_type": 4, "codename": "add_user"}}, {"model": "auth.permission", "pk": 14, "fields": {"name": "Can change user", "content_type": 4, "codename": "change_user"}}, {"model": "auth.permission", "pk": 15, "fields": {"name": "Can delete user", "content_type": 4, "codename": "delete_user"}}, {"model": "auth.permission", "pk": 16, "fields": {"name": "Can view user", "content_type": 4, "codename": "view_user"}}, {"model": "auth.permission", "pk": 17, "fields": {"name": "Can add content type", "content_type": 5, "codename": "add_contenttype"}}, {"model": "auth.permission", "pk": 18, "fields": {"name": "Can change content type", "content_type": 5, "codename": "change_contenttype"}}, {"model": "auth.permission", "pk": 19, "fields": {"name": "Can delete content type", "content_type": 5, "codename": "delete_contenttype"}}, {"model": "auth.permission", "pk": 20, "fields": {"name": "Can view content type", "content_type": 5, "codename": "view_contenttype"}}, {"model": "auth.permission", "pk": 21, "fields": {"name": "Can add session", "content_type": 6, "codename": "add_session"}}, {"model": "auth.permission", "pk": 22, "fields": {"name": "Can change session", "content_type": 6, "codename": "change_session"}}, {"model": "auth.permission", "pk": 23, "fields": {"name": "Can delete session", "content_type": 6, "codename": "delete_session"}}, {"model": "auth.permission", "pk": 24, "fields": {"name": "Can view session", "content_type": 6, "codename": "view_session"}}, {"model": "auth.permission", "pk": 25, "fields": {"name": "Can add \u5546\u54c1\u4fe1\u606f", "content_type": 7, "codename": "add_commodityinfos"}}, {"model": "auth.permission", "pk": 26, "fields": {"name": "Can change \u5546\u54c1\u4fe1\u606f", "content_type": 7, "codename": "change_commodityinfos"}}, {"model": "auth.permission", "pk": 27, "fields": {"name": "Can delete \u5546\u54c1\u4fe1\u606f", "content_type": 7, "codename": "delete_commodityinfos"}}, {"model": "auth.permission", "pk": 28, "fields": {"name": "Can view \u5546\u54c1\u4fe1\u606f", "content_type": 7, "codename": "view_commodityinfos"}}, {"model": "auth.permission", "pk": 29, "fields": {"name": "Can add \u5546\u54c1\u7c7b\u578b", "content_type": 8, "codename": "add_types"}}, {"model": "auth.permission", "pk": 30, "fields": {"name": "Can change \u5546\u54c1\u7c7b\u578b", "content_type": 8, "codename": "change_types"}}, {"model": "auth.permission", "pk": 31, "fields": {"name": "Can delete \u5546\u54c1\u7c7b\u578b", "content_type": 8, "codename": "delete_types"}}, {"model": "auth.permission", "pk": 32, "fields": {"name": "Can view \u5546\u54c1\u7c7b\u578b", "content_type": 8, "codename": "view_types"}}, {"model": "auth.permission", "pk": 33, "fields": {"name": "Can add \u8d2d\u7269\u8f66", "content_type": 9, "codename": "add_cartinfos"}}, {"model": "auth.permission", "pk": 34, "fields": {"name": "Can change \u8d2d\u7269\u8f66", "content_type": 9, "codename": "change_cartinfos"}}, {"model": "auth.permission", "pk": 35, "fields": {"name": "Can delete \u8d2d\u7269\u8f66", "content_type": 9, "codename": "delete_cartinfos"}}, {"model": "auth.permission", "pk": 36, "fields": {"name": "Can view \u8d2d\u7269\u8f66", "content_type": 9, "codename": "view_cartinfos"}}, {"model": "auth.permission", "pk": 37, "fields": {"name": "Can add \u8ba2\u5355\u4fe1\u606f", "content_type": 10, "codename": "add_orderinfos"}}, {"model": "auth.permission", "pk": 38, "fields": {"name": "Can change \u8ba2\u5355\u4fe1\u606f", "content_type": 10, "codename": "change_orderinfos"}}, {"model": "auth.permission", "pk": 39, "fields": {"name": "Can delete \u8ba2\u5355\u4fe1\u606f", "content_type": 10, "codename": "delete_orderinfos"}}, {"model": "auth.permission", "pk": 40, "fields": {"name": "Can view \u8ba2\u5355\u4fe1\u606f", "content_type": 10, "codename": "view_orderinfos"}}]